锘縎ota name;Parent name;Clue;Wiki
袣邪褌械谐芯褉懈褟 1;;袣褉邪褌泻芯械 芯锌懈褋邪薪懈械 泻邪褌械谐芯褉懈懈 1;袨锌懈褋邪薪懈械 泻邪褌械谐芯褉懈懈 1
袚褉褍锌锌邪 1袗;袣邪褌械谐芯褉懈褟 1;袣褉邪褌泻芯械 芯锌懈褋邪薪懈械 谐褉褍锌锌褘 1袗;袨锌懈褋邪薪懈械 谐褉褍锌锌褘 1袗
协谢械屑械薪褌 1袗1;袚褉褍锌锌邪 1袗;袣褉邪褌泻芯械 芯锌懈褋邪薪懈械 褝谢械屑械薪褌邪 1袗1;袨锌懈褋邪薪懈械 褝谢械屑械薪褌邪 1袗1
协谢械屑械薪褌 1袗2;袚褉褍锌锌邪 1袗;袣褉邪褌泻芯械 芯锌懈褋邪薪懈械 褝谢械屑械薪褌邪 1袗2;袨锌懈褋邪薪懈械 褝谢械屑械薪褌邪 1袗2
协谢械屑械薪褌 1袗3;袚褉褍锌锌邪 1袗;袣褉邪褌泻芯械 芯锌懈褋邪薪懈械 褝谢械屑械薪褌邪 1袗3;袨锌懈褋邪薪懈械 褝谢械屑械薪褌邪 1袗3
袚褉褍锌锌邪 1袘;袣邪褌械谐芯褉懈褟 1;袣褉邪褌泻芯械 芯锌懈褋邪薪懈械 谐褉褍锌锌褘 1袘;袨锌懈褋邪薪懈械 谐褉褍锌锌褘 1袘
协谢械屑械薪褌 1袘1;袚褉褍锌锌邪 1袘;袣褉邪褌泻芯械 芯锌懈褋邪薪懈械 褝谢械屑械薪褌邪 1袘1;袨锌懈褋邪薪懈械 褝谢械屑械薪褌邪 1袘1
协谢械屑械薪褌 1袘2;袚褉褍锌锌邪 1袘;袣褉邪褌泻芯械 芯锌懈褋邪薪懈械 褝谢械屑械薪褌邪 1袘2;袨锌懈褋邪薪懈械 褝谢械屑械薪褌邪 1袘2
协谢械屑械薪褌 1袘3;袚褉褍锌锌邪 1袘;袣褉邪褌泻芯械 芯锌懈褋邪薪懈械 褝谢械屑械薪褌邪 1袘3;袨锌懈褋邪薪懈械 褝谢械屑械薪褌邪 1袘3
袚褉褍锌锌邪 1袙;袣邪褌械谐芯褉懈褟 1;袣褉邪褌泻芯械 芯锌懈褋邪薪懈械 谐褉褍锌锌褘 1袙;袨锌懈褋邪薪懈械 谐褉褍锌锌褘 1袙
协谢械屑械薪褌 1袙1;袚褉褍锌锌邪 1袙;袣褉邪褌泻芯械 芯锌懈褋邪薪懈械 褝谢械屑械薪褌邪 1袙1;袨锌懈褋邪薪懈械 褝谢械屑械薪褌邪 1袙1
协谢械屑械薪褌 1袙2;袚褉褍锌锌邪 1袙;袣褉邪褌泻芯械 芯锌懈褋邪薪懈械 褝谢械屑械薪褌邪 1袙2;袨锌懈褋邪薪懈械 褝谢械屑械薪褌邪 1袙2
协谢械屑械薪褌 1袙3;袚褉褍锌锌邪 1袙;袣褉邪褌泻芯械 芯锌懈褋邪薪懈械 褝谢械屑械薪褌邪 1袙3;袨锌懈褋邪薪懈械 褝谢械屑械薪褌邪 1袙3
袣邪褌械谐芯褉懈褟 2;;袣褉邪褌泻芯械 芯锌懈褋邪薪懈械 泻邪褌械谐芯褉懈懈 2;袨锌懈褋邪薪懈械 泻邪褌械谐芯褉懈懈 2
袚褉褍锌锌邪 2袗;袣邪褌械谐芯褉懈褟 2;袣褉邪褌泻芯械 芯锌懈褋邪薪懈械 谐褉褍锌锌褘 2袗;袨锌懈褋邪薪懈械 谐褉褍锌锌褘 2袗
协谢械屑械薪褌 2袗1;袚褉褍锌锌邪 2袗;袣褉邪褌泻芯械 芯锌懈褋邪薪懈械 褝谢械屑械薪褌邪 2袗1;袨锌懈褋邪薪懈械 褝谢械屑械薪褌邪 2袗1
协谢械屑械薪褌 2袗2;袚褉褍锌锌邪 2袗;袣褉邪褌泻芯械 芯锌懈褋邪薪懈械 褝谢械屑械薪褌邪 2袗2;袨锌懈褋邪薪懈械 褝谢械屑械薪褌邪 2袗2
协谢械屑械薪褌 2袗3;袚褉褍锌锌邪 2袗;袣褉邪褌泻芯械 芯锌懈褋邪薪懈械 褝谢械屑械薪褌邪 2袗3;袨锌懈褋邪薪懈械 褝谢械屑械薪褌邪 2袗3
袚褉褍锌锌邪 2袘;袣邪褌械谐芯褉懈褟 2;袣褉邪褌泻芯械 芯锌懈褋邪薪懈械 谐褉褍锌锌褘 2袘;袨锌懈褋邪薪懈械 谐褉褍锌锌褘 2袘
协谢械屑械薪褌 2袘1;袚褉褍锌锌邪 2袘;袣褉邪褌泻芯械 芯锌懈褋邪薪懈械 褝谢械屑械薪褌邪 2袘1;袨锌懈褋邪薪懈械 褝谢械屑械薪褌邪 2袘1
协谢械屑械薪褌 2袘2;袚褉褍锌锌邪 2袘;袣褉邪褌泻芯械 芯锌懈褋邪薪懈械 褝谢械屑械薪褌邪 2袘2;袨锌懈褋邪薪懈械 褝谢械屑械薪褌邪 2袘2
协谢械屑械薪褌 2袘3;袚褉褍锌锌邪 2袘;袣褉邪褌泻芯械 芯锌懈褋邪薪懈械 褝谢械屑械薪褌邪 2袘3;袨锌懈褋邪薪懈械 褝谢械屑械薪褌邪 2袘3
袚褉褍锌锌邪 2袙;袣邪褌械谐芯褉懈褟 2;袣褉邪褌泻芯械 芯锌懈褋邪薪懈械 谐褉褍锌锌褘 2袙;袨锌懈褋邪薪懈械 谐褉褍锌锌褘 2袙
协谢械屑械薪褌 2袙1;袚褉褍锌锌邪 2袙;袣褉邪褌泻芯械 芯锌懈褋邪薪懈械 褝谢械屑械薪褌邪 2袙1;袨锌懈褋邪薪懈械 褝谢械屑械薪褌邪 2袙1
协谢械屑械薪褌 2袙2;袚褉褍锌锌邪 2袙;袣褉邪褌泻芯械 芯锌懈褋邪薪懈械 褝谢械屑械薪褌邪 2袙2;袨锌懈褋邪薪懈械 褝谢械屑械薪褌邪 2袙2
协谢械屑械薪褌 2袙3;袚褉褍锌锌邪 2袙;袣褉邪褌泻芯械 芯锌懈褋邪薪懈械 褝谢械屑械薪褌邪 2袙3;袨锌懈褋邪薪懈械 褝谢械屑械薪褌邪 2袙3
袣邪褌械谐芯褉懈褟 3;;袣褉邪褌泻芯械 芯锌懈褋邪薪懈械 泻邪褌械谐芯褉懈懈 3;袨锌懈褋邪薪懈械 泻邪褌械谐芯褉懈懈 3
袚褉褍锌锌邪 3袗;袣邪褌械谐芯褉懈褟 3;袣褉邪褌泻芯械 芯锌懈褋邪薪懈械 谐褉褍锌锌褘 3袗;袨锌懈褋邪薪懈械 谐褉褍锌锌褘 3袗
协谢械屑械薪褌 3袗1;袚褉褍锌锌邪 3袗;袣褉邪褌泻芯械 芯锌懈褋邪薪懈械 褝谢械屑械薪褌邪 3袗1;袨锌懈褋邪薪懈械 褝谢械屑械薪褌邪 3袗1
协谢械屑械薪褌 3袗2;袚褉褍锌锌邪 3袗;袣褉邪褌泻芯械 芯锌懈褋邪薪懈械 褝谢械屑械薪褌邪 3袗2;袨锌懈褋邪薪懈械 褝谢械屑械薪褌邪 3袗2
协谢械屑械薪褌 3袗3;袚褉褍锌锌邪 3袗;袣褉邪褌泻芯械 芯锌懈褋邪薪懈械 褝谢械屑械薪褌邪 3袗3;袨锌懈褋邪薪懈械 褝谢械屑械薪褌邪 3袗3
袚褉褍锌锌邪 3袘;袣邪褌械谐芯褉懈褟 3;袣褉邪褌泻芯械 芯锌懈褋邪薪懈械 谐褉褍锌锌褘 3袘;袨锌懈褋邪薪懈械 谐褉褍锌锌褘 3袘
协谢械屑械薪褌 3袘1;袚褉褍锌锌邪 3袘;袣褉邪褌泻芯械 芯锌懈褋邪薪懈械 褝谢械屑械薪褌邪 3袘1;袨锌懈褋邪薪懈械 褝谢械屑械薪褌邪 3袘1
协谢械屑械薪褌 3袘2;袚褉褍锌锌邪 3袘;袣褉邪褌泻芯械 芯锌懈褋邪薪懈械 褝谢械屑械薪褌邪 3袘2;袨锌懈褋邪薪懈械 褝谢械屑械薪褌邪 3袘2
协谢械屑械薪褌 3袘3;袚褉褍锌锌邪 3袘;袣褉邪褌泻芯械 芯锌懈褋邪薪懈械 褝谢械屑械薪褌邪 3袘3;袨锌懈褋邪薪懈械 褝谢械屑械薪褌邪 3袘3
袚褉褍锌锌邪 3袙;袣邪褌械谐芯褉懈褟 3;袣褉邪褌泻芯械 芯锌懈褋邪薪懈械 谐褉褍锌锌褘 3袙;袨锌懈褋邪薪懈械 谐褉褍锌锌褘 3袙
协谢械屑械薪褌 3袙1;袚褉褍锌锌邪 3袙;袣褉邪褌泻芯械 芯锌懈褋邪薪懈械 褝谢械屑械薪褌邪 3袙1;袨锌懈褋邪薪懈械 褝谢械屑械薪褌邪 3袙1
协谢械屑械薪褌 3袙2;袚褉褍锌锌邪 3袙;袣褉邪褌泻芯械 芯锌懈褋邪薪懈械 褝谢械屑械薪褌邪 3袙2;袨锌懈褋邪薪懈械 褝谢械屑械薪褌邪 3袙2
协谢械屑械薪褌 3袙3;袚褉褍锌锌邪 3袙;袣褉邪褌泻芯械 芯锌懈褋邪薪懈械 褝谢械屑械薪褌邪 3袙3;袨锌懈褋邪薪懈械 褝谢械屑械薪褌邪 3袙3
袣邪褌械谐芯褉懈褟 4;;袣褉邪褌泻芯械 芯锌懈褋邪薪懈械 泻邪褌械谐芯褉懈懈 4;袨锌懈褋邪薪懈械 泻邪褌械谐芯褉懈懈 4
袚褉褍锌锌邪 4袗;袣邪褌械谐芯褉懈褟 4;袣褉邪褌泻芯械 芯锌懈褋邪薪懈械 谐褉褍锌锌褘 4袗;袨锌懈褋邪薪懈械 谐褉褍锌锌褘 4袗
协谢械屑械薪褌 4袗1;袚褉褍锌锌邪 4袗;袣褉邪褌泻芯械 芯锌懈褋邪薪懈械 褝谢械屑械薪褌邪 4袗1;袨锌懈褋邪薪懈械 褝谢械屑械薪褌邪 4袗1
协谢械屑械薪褌 4袗2;袚褉褍锌锌邪 4袗;袣褉邪褌泻芯械 芯锌懈褋邪薪懈械 褝谢械屑械薪褌邪 4袗2;袨锌懈褋邪薪懈械 褝谢械屑械薪褌邪 4袗2
协谢械屑械薪褌 4袗3;袚褉褍锌锌邪 4袗;袣褉邪褌泻芯械 芯锌懈褋邪薪懈械 褝谢械屑械薪褌邪 4袗3;袨锌懈褋邪薪懈械 褝谢械屑械薪褌邪 4袗3
袚褉褍锌锌邪 4袘;袣邪褌械谐芯褉懈褟 4;袣褉邪褌泻芯械 芯锌懈褋邪薪懈械 谐褉褍锌锌褘 4袘;袨锌懈褋邪薪懈械 谐褉褍锌锌褘 4袘
协谢械屑械薪褌 4袘1;袚褉褍锌锌邪 4袘;袣褉邪褌泻芯械 芯锌懈褋邪薪懈械 褝谢械屑械薪褌邪 4袘1;袨锌懈褋邪薪懈械 褝谢械屑械薪褌邪 4袘1
协谢械屑械薪褌 4袘2;袚褉褍锌锌邪 4袘;袣褉邪褌泻芯械 芯锌懈褋邪薪懈械 褝谢械屑械薪褌邪 4袘2;袨锌懈褋邪薪懈械 褝谢械屑械薪褌邪 4袘2
协谢械屑械薪褌 4袘3;袚褉褍锌锌邪 4袘;袣褉邪褌泻芯械 芯锌懈褋邪薪懈械 褝谢械屑械薪褌邪 4袘3;袨锌懈褋邪薪懈械 褝谢械屑械薪褌邪 4袘3
袚褉褍锌锌邪 4袙;袣邪褌械谐芯褉懈褟 4;袣褉邪褌泻芯械 芯锌懈褋邪薪懈械 谐褉褍锌锌褘 4袙;袨锌懈褋邪薪懈械 谐褉褍锌锌褘 4袙
协谢械屑械薪褌 4袙1;袚褉褍锌锌邪 4袙;袣褉邪褌泻芯械 芯锌懈褋邪薪懈械 褝谢械屑械薪褌邪 4袙1;袨锌懈褋邪薪懈械 褝谢械屑械薪褌邪 4袙1
协谢械屑械薪褌 4袙2;袚褉褍锌锌邪 4袙;袣褉邪褌泻芯械 芯锌懈褋邪薪懈械 褝谢械屑械薪褌邪 4袙2;袨锌懈褋邪薪懈械 褝谢械屑械薪褌邪 4袙2
协谢械屑械薪褌 4袙3;袚褉褍锌锌邪 4袙;袣褉邪褌泻芯械 芯锌懈褋邪薪懈械 褝谢械屑械薪褌邪 4袙3;袨锌懈褋邪薪懈械 褝谢械屑械薪褌邪 4袙3
袣邪褌械谐芯褉懈褟 5;;袣褉邪褌泻芯械 芯锌懈褋邪薪懈械 泻邪褌械谐芯褉懈懈 5;袨锌懈褋邪薪懈械 泻邪褌械谐芯褉懈懈 5
袚褉褍锌锌邪 5袗;袣邪褌械谐芯褉懈褟 5;袣褉邪褌泻芯械 芯锌懈褋邪薪懈械 谐褉褍锌锌褘 5袗;袨锌懈褋邪薪懈械 谐褉褍锌锌褘 5袗
协谢械屑械薪褌 5袗1;袚褉褍锌锌邪 5袗;袣褉邪褌泻芯械 芯锌懈褋邪薪懈械 褝谢械屑械薪褌邪 5袗1;袨锌懈褋邪薪懈械 褝谢械屑械薪褌邪 5袗1
协谢械屑械薪褌 5袗2;袚褉褍锌锌邪 5袗;袣褉邪褌泻芯械 芯锌懈褋邪薪懈械 褝谢械屑械薪褌邪 5袗2;袨锌懈褋邪薪懈械 褝谢械屑械薪褌邪 5袗2
协谢械屑械薪褌 5袗3;袚褉褍锌锌邪 5袗;袣褉邪褌泻芯械 芯锌懈褋邪薪懈械 褝谢械屑械薪褌邪 5袗3;袨锌懈褋邪薪懈械 褝谢械屑械薪褌邪 5袗3
袚褉褍锌锌邪 5袘;袣邪褌械谐芯褉懈褟 5;袣褉邪褌泻芯械 芯锌懈褋邪薪懈械 谐褉褍锌锌褘 5袘;袨锌懈褋邪薪懈械 谐褉褍锌锌褘 5袘
协谢械屑械薪褌 5袘1;袚褉褍锌锌邪 5袘;袣褉邪褌泻芯械 芯锌懈褋邪薪懈械 褝谢械屑械薪褌邪 5袘1;袨锌懈褋邪薪懈械 褝谢械屑械薪褌邪 5袘1
协谢械屑械薪褌 5袘2;袚褉褍锌锌邪 5袘;袣褉邪褌泻芯械 芯锌懈褋邪薪懈械 褝谢械屑械薪褌邪 5袘2;袨锌懈褋邪薪懈械 褝谢械屑械薪褌邪 5袘2
协谢械屑械薪褌 5袘3;袚褉褍锌锌邪 5袘;袣褉邪褌泻芯械 芯锌懈褋邪薪懈械 褝谢械屑械薪褌邪 5袘3;袨锌懈褋邪薪懈械 褝谢械屑械薪褌邪 5袘3
袚褉褍锌锌邪 5袙;袣邪褌械谐芯褉懈褟 5;袣褉邪褌泻芯械 芯锌懈褋邪薪懈械 谐褉褍锌锌褘 5袙;袨锌懈褋邪薪懈械 谐褉褍锌锌褘 5袙
协谢械屑械薪褌 5袙1;袚褉褍锌锌邪 5袙;袣褉邪褌泻芯械 芯锌懈褋邪薪懈械 褝谢械屑械薪褌邪 5袙1;袨锌懈褋邪薪懈械 褝谢械屑械薪褌邪 5袙1
协谢械屑械薪褌 5袙2;袚褉褍锌锌邪 5袙;袣褉邪褌泻芯械 芯锌懈褋邪薪懈械 褝谢械屑械薪褌邪 5袙2;袨锌懈褋邪薪懈械 褝谢械屑械薪褌邪 5袙2
协谢械屑械薪褌 5袙3;袚褉褍锌锌邪 5袙;袣褉邪褌泻芯械 芯锌懈褋邪薪懈械 褝谢械屑械薪褌邪 5袙3;袨锌懈褋邪薪懈械 褝谢械屑械薪褌邪 5袙3
袣邪褌械谐芯褉懈褟 6;;袣褉邪褌泻芯械 芯锌懈褋邪薪懈械 泻邪褌械谐芯褉懈懈 6;袨锌懈褋邪薪懈械 泻邪褌械谐芯褉懈懈 6
袚褉褍锌锌邪 6袗;袣邪褌械谐芯褉懈褟 6;袣褉邪褌泻芯械 芯锌懈褋邪薪懈械 谐褉褍锌锌褘 6袗;袨锌懈褋邪薪懈械 谐褉褍锌锌褘 6袗
协谢械屑械薪褌 6袗1;袚褉褍锌锌邪 6袗;袣褉邪褌泻芯械 芯锌懈褋邪薪懈械 褝谢械屑械薪褌邪 6袗1;袨锌懈褋邪薪懈械 褝谢械屑械薪褌邪 6袗1
协谢械屑械薪褌 6袗2;袚褉褍锌锌邪 6袗;袣褉邪褌泻芯械 芯锌懈褋邪薪懈械 褝谢械屑械薪褌邪 6袗2;袨锌懈褋邪薪懈械 褝谢械屑械薪褌邪 6袗2
协谢械屑械薪褌 6袗3;袚褉褍锌锌邪 6袗;袣褉邪褌泻芯械 芯锌懈褋邪薪懈械 褝谢械屑械薪褌邪 6袗3;袨锌懈褋邪薪懈械 褝谢械屑械薪褌邪 6袗3
袚褉褍锌锌邪 6袘;袣邪褌械谐芯褉懈褟 6;袣褉邪褌泻芯械 芯锌懈褋邪薪懈械 谐褉褍锌锌褘 6袘;袨锌懈褋邪薪懈械 谐褉褍锌锌褘 6袘
协谢械屑械薪褌 6袘1;袚褉褍锌锌邪 6袘;袣褉邪褌泻芯械 芯锌懈褋邪薪懈械 褝谢械屑械薪褌邪 6袘1;袨锌懈褋邪薪懈械 褝谢械屑械薪褌邪 6袘1
协谢械屑械薪褌 6袘2;袚褉褍锌锌邪 6袘;袣褉邪褌泻芯械 芯锌懈褋邪薪懈械 褝谢械屑械薪褌邪 6袘2;袨锌懈褋邪薪懈械 褝谢械屑械薪褌邪 6袘2
协谢械屑械薪褌 6袘3;袚褉褍锌锌邪 6袘;袣褉邪褌泻芯械 芯锌懈褋邪薪懈械 褝谢械屑械薪褌邪 6袘3;袨锌懈褋邪薪懈械 褝谢械屑械薪褌邪 6袘3
袚褉褍锌锌邪 6袙;袣邪褌械谐芯褉懈褟 6;袣褉邪褌泻芯械 芯锌懈褋邪薪懈械 谐褉褍锌锌褘 6袙;袨锌懈褋邪薪懈械 谐褉褍锌锌褘 6袙
协谢械屑械薪褌 6袙1;袚褉褍锌锌邪 6袙;袣褉邪褌泻芯械 芯锌懈褋邪薪懈械 褝谢械屑械薪褌邪 6袙1;袨锌懈褋邪薪懈械 褝谢械屑械薪褌邪 6袙1
协谢械屑械薪褌 6袙2;袚褉褍锌锌邪 6袙;袣褉邪褌泻芯械 芯锌懈褋邪薪懈械 褝谢械屑械薪褌邪 6袙2;袨锌懈褋邪薪懈械 褝谢械屑械薪褌邪 6袙2
协谢械屑械薪褌 6袙3;袚褉褍锌锌邪 6袙;袣褉邪褌泻芯械 芯锌懈褋邪薪懈械 褝谢械屑械薪褌邪 6袙3;袨锌懈褋邪薪懈械 褝谢械屑械薪褌邪 6袙3
